epoch,train_loss,val_loss,train_mae,val_mae
1,0.4439507722854614,0.43714794516563416,0.47140055894851685,0.47817370295524597
2,0.3375566601753235,0.38302770256996155,0.38909655809402466,0.45406726002693176
3,0.2981836497783661,0.2769691050052643,0.354979008436203,0.3703901767730713
4,0.2790609896183014,0.2472585141658783,0.3384903073310852,0.34345507621765137
5,0.2570238411426544,0.2508694529533386,0.31804659962654114,0.3509168028831482
6,0.2551395297050476,0.23008711636066437,0.31626924872398376,0.32879626750946045
7,0.24156798422336578,0.20117716491222382,0.3033258616924286,0.3032623827457428
8,0.23330329358577728,0.1864161640405655,0.2940833270549774,0.28760772943496704
9,0.22412340342998505,0.21351628005504608,0.2855159640312195,0.31355997920036316
10,0.22004462778568268,0.20739270746707916,0.2805804908275604,0.2989811301231384
11,0.21361029148101807,0.1643427014350891,0.27481809258461,0.2497461885213852
12,0.2067066729068756,0.16350917518138885,0.26637157797813416,0.25905641913414
13,0.20296941697597504,0.15827688574790955,0.26399579644203186,0.24295176565647125
14,0.1952063888311386,0.16851402819156647,0.2539428472518921,0.27004820108413696
15,0.19645801186561584,0.14242300391197205,0.25570404529571533,0.22734832763671875
16,0.1915546953678131,0.13919992744922638,0.25036129355430603,0.22892779111862183
17,0.18839380145072937,0.18245767056941986,0.24677807092666626,0.2794352173805237
18,0.18227218091487885,0.14182843267917633,0.23968741297721863,0.23892490565776825
19,0.18249067664146423,0.1575528085231781,0.24063852429389954,0.2551702558994293
20,0.18238849937915802,0.12955977022647858,0.24074283242225647,0.22068364918231964
21,0.180281400680542,0.16291405260562897,0.2384711652994156,0.2690853178501129
22,0.1737934947013855,0.14099827408790588,0.22914308309555054,0.24520593881607056
23,0.17730329930782318,0.13641279935836792,0.23473547399044037,0.23936372995376587
24,0.16990205645561218,0.15968243777751923,0.22486785054206848,0.25684624910354614
25,0.17093707621097565,0.17888528108596802,0.22807401418685913,0.30302274227142334
26,0.15986447036266327,0.09790151566267014,0.21115116775035858,0.15929754078388214
27,0.15455977618694305,0.10010934621095657,0.2027793526649475,0.17070287466049194
28,0.152937650680542,0.09728993475437164,0.20090444386005402,0.16131950914859772
29,0.15276680886745453,0.10165189951658249,0.20092113316059113,0.17577384412288666
30,0.15253688395023346,0.10374469310045242,0.20090655982494354,0.1779823899269104
31,0.15167762339115143,0.09888868033885956,0.19948594272136688,0.1715688705444336
32,0.1513041853904724,0.09769934415817261,0.1985352635383606,0.17001506686210632
33,0.14954398572444916,0.10246482491493225,0.19720201194286346,0.18091073632240295
34,0.1466863602399826,0.08892230689525604,0.1929999589920044,0.14017537236213684
35,0.1445034146308899,0.08921761810779572,0.1907450407743454,0.14034505188465118
36,0.14351026713848114,0.08715291321277618,0.19002358615398407,0.13817909359931946
37,0.14356133341789246,0.08787832409143448,0.18953949213027954,0.1376795619726181
38,0.1429758220911026,0.08819335699081421,0.18909810483455658,0.13891717791557312
39,0.14217664301395416,0.08740054070949554,0.18850591778755188,0.13787101209163666
40,0.1425854116678238,0.08727677911520004,0.1879488229751587,0.14004363119602203
41,0.14147751033306122,0.08566152304410934,0.18778735399246216,0.13533486425876617
42,0.14196482300758362,0.08586634695529938,0.18743914365768433,0.13689033687114716
43,0.14066755771636963,0.08515939116477966,0.1869232952594757,0.13512535393238068
44,0.14051663875579834,0.08663512766361237,0.18661808967590332,0.1380746066570282
45,0.13999974727630615,0.0847591906785965,0.18641187250614166,0.13503393530845642
46,0.1394023895263672,0.08478453010320663,0.1858205795288086,0.1347738355398178
47,0.1387353092432022,0.08473120629787445,0.185727059841156,0.13486988842487335
48,0.13910816609859467,0.08462928235530853,0.18526868522167206,0.13624566793441772
49,0.1380791962146759,0.08335792273283005,0.18505679070949554,0.132160022854805
50,0.13779866695404053,0.08616597205400467,0.1847456395626068,0.1416279375553131
51,0.138161301612854,0.08341772109270096,0.18484364449977875,0.1331842988729477
52,0.13774429261684418,0.08411265909671783,0.18428170680999756,0.13695812225341797
53,0.1373273879289627,0.08279702812433243,0.18412134051322937,0.13185569643974304
54,0.1369975507259369,0.08517740666866302,0.18396028876304626,0.13494029641151428
55,0.13653670251369476,0.08251763135194778,0.18362751603126526,0.1317211240530014
56,0.13589558005332947,0.08457020670175552,0.18334431946277618,0.13428306579589844
57,0.1358567625284195,0.08211010694503784,0.18302655220031738,0.13178209960460663
58,0.13500037789344788,0.08394207805395126,0.18285296857357025,0.13558436930179596
59,0.13605554401874542,0.08218550682067871,0.18302109837532043,0.13417796790599823
60,0.13481760025024414,0.08361119776964188,0.18256767094135284,0.1373164802789688
61,0.13478507101535797,0.08132635802030563,0.18223078548908234,0.1308797150850296
62,0.13371989130973816,0.08507086336612701,0.18194957077503204,0.1443091332912445
63,0.13375012576580048,0.08132193982601166,0.18197768926620483,0.13581310212612152
64,0.13315369188785553,0.08229053765535355,0.1815522164106369,0.13315936923027039
65,0.13344329595565796,0.0807780921459198,0.1815088540315628,0.13075166940689087
66,0.13390213251113892,0.0822577252984047,0.18154184520244598,0.13962212204933167
67,0.13338734209537506,0.08019967377185822,0.1810690462589264,0.12892009317874908
68,0.13162393867969513,0.08223022520542145,0.1805320382118225,0.13534115254878998
69,0.132005512714386,0.08092277497053146,0.18065032362937927,0.13027814030647278
70,0.1318701207637787,0.08026020228862762,0.18041615188121796,0.13195285201072693
71,0.13218604028224945,0.0798177421092987,0.180155947804451,0.13100369274616241
72,0.13068227469921112,0.07995764911174774,0.17989987134933472,0.12862040102481842
73,0.1317744106054306,0.07977358251810074,0.18007804453372955,0.130327507853508
74,0.13220347464084625,0.08204203844070435,0.18026810884475708,0.13342300057411194
75,0.1305140256881714,0.07933784276247025,0.17947393655776978,0.12742410600185394
76,0.13127835094928741,0.07978316396474838,0.1793612837791443,0.13294608891010284
77,0.1304536908864975,0.08000453561544418,0.17924469709396362,0.1365239918231964
78,0.13031545281410217,0.0825742855668068,0.17936091125011444,0.1431773155927658
79,0.13051557540893555,0.07984244078397751,0.1794244647026062,0.12882576882839203
80,0.12940028309822083,0.08138996362686157,0.17908975481987,0.14188192784786224
81,0.1283993273973465,0.07718145847320557,0.17803990840911865,0.1244836375117302
82,0.12637579441070557,0.07682868838310242,0.1771746277809143,0.12377487868070602
83,0.12563277781009674,0.07712414860725403,0.17706957459449768,0.12454652041196823
84,0.12506620585918427,0.07715845853090286,0.1768968254327774,0.12543486058712006
85,0.1251838356256485,0.07672032713890076,0.1768134981393814,0.1234653890132904
86,0.12444743514060974,0.0767001360654831,0.17663179337978363,0.12572722136974335
87,0.12420134246349335,0.0760447308421135,0.17666934430599213,0.123538538813591
88,0.12383004277944565,0.07657720893621445,0.17652618885040283,0.12293224036693573
89,0.12457795441150665,0.0764838457107544,0.17639780044555664,0.12349910289049149
90,0.12372862547636032,0.076577328145504,0.176277756690979,0.12621165812015533
91,0.12355738133192062,0.07589571923017502,0.1762894243001938,0.12325254082679749
92,0.12389339506626129,0.07607796788215637,0.17608144879341125,0.1240987703204155
93,0.12259203940629959,0.0762958899140358,0.17608651518821716,0.12376651912927628
94,0.1234346553683281,0.0759773775935173,0.17599834501743317,0.1235695332288742
95,0.123345285654068,0.07588448375463486,0.1759616583585739,0.12440291047096252
96,0.12401007115840912,0.07597219198942184,0.17581404745578766,0.1229332983493805
97,0.12221179157495499,0.07525941729545593,0.1754733920097351,0.12207963317632675
98,0.12071196734905243,0.0754607692360878,0.17516827583312988,0.12347427010536194
99,0.12070631235837936,0.075223408639431,0.17520855367183685,0.12170231342315674
100,0.12073955684900284,0.0752449780702591,0.17516610026359558,0.12214534729719162
101,0.11975209414958954,0.07495541870594025,0.17503836750984192,0.12179988622665405
102,0.12034939229488373,0.07507406175136566,0.17511294782161713,0.12198824435472488
103,0.11965178698301315,0.07519357651472092,0.1751224845647812,0.12178634107112885
104,0.1198110282421112,0.07530498504638672,0.1750432252883911,0.12254498153924942
105,0.12014409154653549,0.07480447739362717,0.17499513924121857,0.12159501016139984
106,0.12012398988008499,0.07464221864938736,0.17496775090694427,0.1219278946518898
107,0.11916445940732956,0.07489358633756638,0.17489375174045563,0.1217561736702919
108,0.11973948776721954,0.0746995359659195,0.17483550310134888,0.12172693014144897
109,0.11918167769908905,0.07481591403484344,0.17459861934185028,0.12170654535293579
110,0.11925898492336273,0.07433915138244629,0.17474611103534698,0.12104004621505737
111,0.11860185116529465,0.07448205351829529,0.17461712658405304,0.12117909640073776
112,0.11850293725728989,0.07467452436685562,0.17464861273765564,0.12181618809700012
113,0.11885291337966919,0.07456028461456299,0.17479205131530762,0.12112738192081451
114,0.1204245314002037,0.07431599497795105,0.17456966638565063,0.1213422417640686
115,0.11817219108343124,0.07439097762107849,0.17451155185699463,0.12129266560077667
116,0.11806318163871765,0.07415710389614105,0.17423944175243378,0.12044002115726471
117,0.11747459322214127,0.074212446808815,0.17427152395248413,0.12053962051868439
118,0.11777842789888382,0.07420980930328369,0.17424021661281586,0.12040968239307404
119,0.11757203191518784,0.0742725282907486,0.17428521811962128,0.1205158606171608
120,0.11725793033838272,0.07402360439300537,0.17431145906448364,0.11990445107221603
121,0.11698287725448608,0.074057437479496,0.17425768077373505,0.11998353898525238
122,0.11701221019029617,0.07408792525529861,0.17427825927734375,0.12046632915735245
123,0.11711575835943222,0.07397674024105072,0.17408424615859985,0.12002260237932205
124,0.11679130792617798,0.07399040460586548,0.17406029999256134,0.12004140019416809
125,0.1170988604426384,0.07392272353172302,0.17427405714988708,0.12004735320806503
126,0.11689604073762894,0.07380959391593933,0.17412780225276947,0.12014371901750565
127,0.11657141894102097,0.07390146702528,0.1740512251853943,0.11994607001543045
128,0.11739442497491837,0.07400328665971756,0.17414632439613342,0.12002409249544144
129,0.11676431447267532,0.07389236986637115,0.1739715188741684,0.11997299641370773
130,0.11635714024305344,0.07393345981836319,0.17386114597320557,0.12019234895706177
131,0.11647162586450577,0.07375113666057587,0.17393866181373596,0.11993372440338135
132,0.11643954366445541,0.07384148240089417,0.17398576438426971,0.11980513483285904
133,0.11618030071258545,0.07370633631944656,0.1738550066947937,0.11966010928153992
134,0.1160309910774231,0.07377489656209946,0.1737898588180542,0.11978217214345932
135,0.11586765944957733,0.07366572320461273,0.17391371726989746,0.11957870423793793
136,0.11612026393413544,0.07376035302877426,0.1739916354417801,0.11970175057649612
137,0.11608695238828659,0.07378928363323212,0.17384371161460876,0.11970030516386032
138,0.11627553403377533,0.0737311989068985,0.17390276491641998,0.11966244876384735
139,0.1158236488699913,0.07363937050104141,0.1738150268793106,0.11958765238523483
140,0.11607252061367035,0.07361774891614914,0.1737620234489441,0.1195533499121666
141,0.11574706435203552,0.07368959486484528,0.1737949401140213,0.11958283185958862
142,0.11586011201143265,0.0736277848482132,0.17369472980499268,0.11960753798484802
143,0.11553173512220383,0.07365015149116516,0.1736723929643631,0.11959372460842133
144,0.11578419059515,0.07360902428627014,0.17366735637187958,0.11959760636091232
145,0.11571793258190155,0.07359915971755981,0.17369788885116577,0.11958339065313339
146,0.11570420116186142,0.07358964532613754,0.1737157702445984,0.1195126473903656
147,0.11540144681930542,0.07361460477113724,0.1737406700849533,0.11952625215053558
148,0.11574535071849823,0.07362953573465347,0.1736910343170166,0.11955812573432922
149,0.11581555753946304,0.07361110299825668,0.173723965883255,0.11957183480262756
150,0.11556845158338547,0.07359955459833145,0.17364545166492462,0.11957898736000061
